tag_id,tag_name,hit_count
619,depresif duygudurum,229
66,anksiyete,226
753,başkası hakkında,157
159,ilişki sorunları,156
169,evlilik ve çift sorunları,144
46,majör depresif bozukluk,134
155,intihar fikirleri,125
247,sosyal anksiyete,103
281,ilaçla tedavi,89
419,anhedoni,88
618,yalnızlık hissi,86
80,takıntılar (obsesyonlar),81
171,aldatma-aldatılma,80
343,mutsuzluk,77
224,ağlama,75
145,travma,75
54,obsesif kompulsif bozukluk,69
105,özgüven eksikliği,64
178,değersizlik duyguları,61
102,uyku-uyanıklık bozuklukları,59
470,sosyal anksiyete bozukluğu,59
389,öfke kontrol sorunları,58
685,ebeveynle ilişkiler,56
597,aile içi ilişkiler,54
559,öfke,54
220,güvensizlik duyguları,47
496,ergenlik çağı sorunları,44
437,umutsuzluk,43
342,tükenmişlik duyguları,43
933,sinirlilik,42
258,çaresizlik duyguları,41
62,genel anksiyete bozukluğu,41
156,intihar girişimleri,41
97,panik bozukluk,40
307,somatoform şikayetler,40
53,panik atak,39
117,yorgunluk-bitkinlik,39
254,konsantrasyon güçlüğü,39
522,sevgiliden ayrılma,38
312,aile bireylerinde psikiyatrik sorun,37
287,ilaçların yan etkileri,37
1045,eşler arasında iletişim sorunları,37
676,iletişim sorunları,36
716,ilişkide aileler,36
521,duygudurum dalgalanmaları,36
651,arkadaşsızlık,35
383,okulla ilgili sorunlar,34
497,aile içinde fiziksel şiddet,33
314,ayrılık anksiyetesi,33
600,ilişkide güvensizlik,33
236,şüphecilik (paranoya),33
170,evlilikte cinsellik,33
164,gelecek kaygısı,33
665,huzursuz aile ortamı,33
773,yetişkinde bağlanma sorunları,33
249,pişmanlık,32
185,arkadaşlık ilişkileri,31
588,yakının kaybı,31
617,kendine zarar verme davranışları,31
225,yetersizlik duyguları,30
140,deperzonalizasyon-derealizasyon bozukluğu,30
147,psikoterapi,30
777,yakınlık ve ilgi gereksinimi,30
706,içe kapanıklık,29
234,kıskançlık,29
615,sınav kaygısı,29
279,psikosomatik şikayetler,29
505,boşanmış ailede çocuklar,28
210,suçluluk duyguları,28
285,dissosiyasyon,27
593,terk edilme,27
1135,ilaçlardan yeteri fayda görmeme,27
562,ebeveynle çatışma,26
368,ilacı bırakma,26
499,irritabilite,26
47,bipolar bozukluk,26
58,özgül fobi,25
231,boşanma,24
540,borderline örüntüler,24
1002,ebeveyn çocuk ilişkisi,24
945,arkadaşlık ilişkilerinde sorunlar,23
751,kötümserlik-karamsarlık,23
81,borderline bozukluk,23
246,sosyal izolasyon,22
260,işsizlik,22
192,boşluk duygusu,22
512,içsel konuşmalar,22
587,uyuyamama,22
743,ilişkide kıskançlık,22
715,kardeşler arası ilişkiler,22
846,ilişkide kopamamak,22
884,ne yapacağını bilememek,22
536,ücretsiz psikoterapi,21
628,ebeveyn baskısı,21
391,özsaygı eksikliği,21
230,aile baskısı,21
243,kendini başkalarıyla kıyaslama,20
76,çekingenlik,20
148,yeme bozuklukları,20
1121,insan ilişkilerinde sorunlar,20
711,sosyal medyada ilişkiler,20
787,ilişkide şüphe,19
1252,eşin ailesi ile ilişkiler,19
718,romantik ilişkiler,18
978,tahammülsüzlük,18
816,özgüven kaybı,18
61,travma sonrası stres bozukluğu,18
245,yalan söyleme,18
163,başarı-başarısızlık,18
644,cinsel taciz-cinsel istismar,18
602,sevgi gereksinimi,17
568,yalnızlık,17
269,içsel çatışmalar,17
98,çocuk psikolojisi,17
134,şizofreni,17
1206,aile içinde psikolojik şiddet,17
1171,kendini boşlukta hissetme,16
699,ilişkide kafa karışıklığı,16
694,ders çalışmayla ilgili sorunlar,16
681,yalnızlık korkusu,16
158,vicdan azabı,16
55,agorafobi,16
168,cinsellik,16
360,hipnoterapi,16
555,cinsel sorunlar,16
576,eziklik duygusu,15
653,ekonomik sıkıntılar,15
811,duygusal hissizlik,15
1194,kendinden nefret etme,15
1134,site hakkında,14
780,ilişkide belirsizlik,14
1267,öfke patlamaları,14
1272,hakarete maruz kalma,14
1338,insanlardan uzak durmak,14
633,ilişkide fiziksel şiddet,14
356,sertralin,14
280,kendi kendine terapi,14
412,ergenlik çağı,14
463,madde kullanımı,14
165,meslek seçimi,14
161,iç huzursuzluğu,14
162,dikkat dağınıklığı,13
107,hipnoz,13
112,aşk acısı,13
259,eski sevgili,13
284,alkol kullanım sorunları,13
316,çocuk ruh sağlığı,13
614,sevdiklerini kaybetme korkusu,13
570,ikinci evlilik,13
572,nişanlılık,13
1447,ağlama hissi,13
723,suçlama-suçlanma,13
770,terk edilme korkusu,13
691,ilaç kullanmaya direnç,13
977,aile içinde iletişim sorunları,13
1133,nefes daralması,13
1006,okulda arkadaşlık ilişkileri,13
1009,sevilmediğini düşünme,13
867,dışlanmışlık duygusu,12
1053,ilişkide soğukluk,12
1145,ilişkide tartışma,12
1207,evlilikte psikolojik şiddet,12
1208,evlilikte fiziksel şiddet,12
771,emdr terapisi,12
805,işle ilgili sorunlar,12
1315,eşler arasında tartışma,12
1266,terapiden yeteri fayda görmeme,12
639,bipolar duygudurum,12
507,işitsel varsanılar,12
399,kendini beğenmeme,12
203,sosyalleşme sorunları,12
208,dürtü kontrolü,11
212,dikkat eksikliği,11
266,çocuk yetiştirme,11
121,asosyallik,11
386,kilo problemi,11
442,fluoksetin,11
340,aşk,11
649,hayal kurma,11
586,arkadaş edinememe,11
539,travmatik yas,11
533,dürtüsellik,11
1872,depresyon,11
1888,uyku sorunları,11
733,zorlantılar (kompulsiyonlar),11
692,sanrılar (hezeyanlar),11
680,yaşamı organize edememe,11
696,mükemmelliyetçilik,11
698,sinir krizleri,11
719,kişiler arası ilişkiler,11
1197,antidepresanlar,11
1054,terapist arama,11
1109,başkalarının  düşüncelerini aşırı önemseme,11
980,kendine tanı koyma,10
868,eşler arasında geçimsizlik,10
871,ertelemecilik,10
823,hamilelik,10
889,karışıklık duygusu,10
1013,online psikoterapi,10
966,kafa karışıklığı,10
936,unutkanlık,10
940,çevre baskısı,10
678,ilişkide saygı,10
724,bıkkınlık-bunalma,10
785,bocalama,10
808,cinsel takıntılar,10
799,terapi kulübü,10
1590,ebeveynden fiziksel şiddet görme,10
1342,eşin ailesi ile çatışma,10
1368,eski sevgiliyi unutamamak,10
549,ince düşünme,10
430,kendini suçlama,10
509,kararsızlık,10
133,eşcinsellik,10
114,kitap tavsiyesi,10
151,psikolojik testler,10
65,stres,10
94,anksiyete bozuklukları,10
261,motivasyon eksikliği,10
238,kendini değiştirmek,10
188,evlilik ve çift terapisi,10
176,alınganlık,10
